"Name (Last, First)",Notes & Questions,HLS Degree(s),Grad Date(s),Position / Role,Bio,Sources,Why Notable?,Why Controversial?,Date Done,Race,HLS Yearbook 3L Photograph,Notes (on Photograph),Gender,Party,Country
"Batts, Deborah Anne",,J.D.,1972,Judge,"b.1947 - d.2020

Radcliffe 1969; HLS '72. 

U.S. District Court Judge for the Southern District of New York 1994-2012; senior status 2012-2020.

AUSA 1979-1984. Associate or Adjunct Prof Fordham Law 1984-2020 (1st Black faculty member). First openly LGBT African-American judge. 

Key cases: Central Park Five civil case; she rejected NYC's motion to dismiss a lawsuit by the 5 defendants; NYC settled w/them for $41M. Terrorism: Sentenced a Bin Ladin advisor to life in prison after he admitted stabbing a prison guard. Oversaw civil suit against Christine Todd Whitman, head of EPA accused of misleading public about risk of toxic air pollution after 9/11; found CTW had made statements so misleading, they were “conscience-shocking""; but app ct dismissed suit in 2008. At time of Batts' death, she was slated to preside over embezzlement trial of Michael Avenatti, accused of swindling $300,000 from client Stormy Daniels. ","wiki: https://en.wikipedia.org/wiki/Deborah_Batts   NYT obit: https://www.nytimes.com/2020/02/05/nyregion/deborah-batts-dead.html
http://www.thehistorymakers.org/biography/honorable-deborah-batts",Associate or Adjunct Prof Fordham Law 1984-2020 (1st Black faculty member). First openly LGBT African-American judge. Key cases: Central Park Five civil case; she rejected NYC's motion to dismiss a lawsuit by the 5 defendants; NYC settled w/them for $41M.,,9.7.2021,Black,,,Female,,USA
"Caspersen, Finn M.W. ",,LL.B.,1966,"Business,Philanthropist","b.1941 - d.2009 Chairman and chief executive of Beneficial Corp. (consumer finance company) from 1976 to 1998 when it was bought by Household International, then ran Knickerbocker Management, a private financial management firm. Pioneer in the field of second mortgages and home equity loans. Philanthropist to Harvard and other schools, rowing, equestrian sports. Major Republican donor. Tax evasion investigations included an IRS audit for 2005-2008 focusing on his offshore accounts. In 2013, IRS exonerated FC posthumously w/no penalties or fines. Town Commissioner in Jupiter Island, FL.     Suicide by gunshot in 2009. HLS connections: Member, Dean's Advisory Board. Caspersen Student Center & HLSL's Caspersen Room named after him. Controversy over the naming arose when news of the IRS audit was made public. Endowed 2 HLS professorships: Beneficial and Finn MW Caspersen and Household International. 2003 Chair of HLS's capital campaign, and pledged $30M, the largest single donation in HLS history. All 4 of his sons graduated HLS; their admission was criticized in a book by journalist and H alum Daniel Golden criticizing the role of privilege and wealth in elite college admissions.",Wiki: https://en.wikipedia.org/wiki/Finn_M._W._Caspersen ,"Philanthropist to Harvard and other schools, rowing, equestrian sports. Major Republican donor. Town Commissioner in Jupiter Island, FL.  HLS connections: Member, Dean's Advisory Board. Caspersen Student Center & HLSL's Caspersen Room named after him. Controversy over the naming arose when news of the IRS audit was made public. Endowed 2 HLS professorships: Beneficial and Finn MW Caspersen and Household International. 2003 Chair of HLS's capital campaign, and pledged $30M, the largest single donation in HLS history.","Tax evasion investigations included an IRS audit for 2005-2008 focusing on his offshore accounts. In 2013, IRS exonerated FC posthumously w/no penalties or fines.   HLS connections: Caspersen Student Center & HLSL's Caspersen Room named after him. Controversy over the naming arose when news of the IRS audit was made public. Endowed 2 HLS professorships: Beneficial and Finn MW Caspersen and Household International. 2003 Chair of HLS's capital campaign, and pledged $30M, the largest single donation in HLS history. All 4 of his sons graduated HLS; their admission was criticized in a book by journalist and H alum Daniel Golden criticizing the role of privilege and wealth in elite college admissions.",9.7.2021,White,,,Male,R,USA
"Kuehl, Sheila ",,J.D.,1978,Politics,b. 1941,"Wiki: https://en.wikipedia.org/wiki/Sheila_Kuehl
https://harvardjlg.com/the-journal/",,,,White,,,Female,D,USA
"Estrich, Susan ",,J.D.,1977,"Politics,Law Firm",b. 1952,https://en.wikipedia.org/wiki/Susan_Estrich,,,,White,,,Female,D,USA
"Obama, Barack",,J.D.,1991,Politics,"In 1990, Barack Obama was elected as the first Black president of the Harvard Law Review. Obama, who graduated from HLS in 1991, would later represent Illinois in the U.S Senate, and in 2008 would become the 44th President of the United States, and the first African-American president.",https://en.wikipedia.org/wiki/Barack_Obama,,,,"Black (Mixed, Kenyan, White)",,,Male,D,USA
"Obama, Michelle Robinson ",,J.D.,1988,Politics,HLS Alum and first African-American First Lady,https://en.wikipedia.org/wiki/Michelle_Obama,,,,Black,,,Female,D,USA
"Sewell, Terri",,J.D.,1992,Politics,first Black woman to serve in Congress from the state of Alabama,https://today.law.harvard.edu/feature/leading-women/,,,,Black,,,Female,D,USA
"Robinson, Mary ",,LL.M.,1968,Politics,"1990, first woman president of Ireland",https://en.wikipedia.org/wiki/Mary_Robinson,,,,White,,,Female,Independent,Ireland
"Duong, Wendy N. ",https://books.google.com/books?id=3AxIAgAAQBAJ&pg=PA353&lpg=PA353&dq=Wendy+Duong+%26+Harvard+law+school&source=bl&ots=_2m_PT1XUo&sig=ACfU3U2m6I5_utbobZ9IhWI0tQyK7ERQ0Q&hl=en&sa=X&ved=2ahUKEwi9w4L9xuniAhVLU98KHedjAOU4ChDoATAIegQICBAB#v=onepage&q=Wendy%20Duong%20%26%20Harvard%20law%20school&f=false,LL.M.,1999,Judge,First Vietnamese American to be appointed a judge in the United States in 1992.,https://en.wikipedia.org/wiki/Wendy_Duong,,,,Asian (Vietnamese),,,Female,,"USA, Vietnam"
"Montoya, Margaret ",,J.D.,1978,,"The documentary tells the story of Margaret Montoya, the first Latina to be admitted to Harvard Law School. The documentary celebrates her admissions, sustained leadership, and consistent commitment to civil rights, racial justice and health equity.",https://news.unm.edu/news/documentary-featuring-margaret-montoya-highlights-first-latina-admitted-to-harvard-law-school,,,,Hispanic,,,Female,,USA
"Girma, Haben  ",,J.D.,2013,Activist,"b. 1988.   First deaf-blind graduate of Harvard Law School, 2013.   Disability rights activist advocating for accessible digital services.   2013-16: Member of Disability Rights Advocates, Berkeley, CA.   2016-present: Full-time non-litigation disability rights activist, speaker, consultant.   2019: Author of memoir, ""Haben: The Deafblind Woman Who Conquered Harvard Law"".   Select speeches: TED talk; White House commemoration of ADA's 25th anniversary with Obama/Biden","https://en.wikipedia.org/wiki/Haben_Girma, 
https://habengirma.com/","First deafblind HLS graduate, 2013",,16.7.2021,"Black (Ethiopian, Eritrean)",,,Female,,USA
"Redding, Louis Lorenzo ",Louis Lorenzo Redding.    https://Blackthen.com/louis-lorenzo-redding-prominent-lawyer-and-civil-rights-advocate/,LL.B.,1928,"Public Interest Law,Activist","A 1928 HLS graduate, Redding became the first African American lawyer in Delaware in 1929. He was a champion of civil rights in Delaware and nationally, serving as part of the NAACP legal team that challenged school segretation in Brown v. Board of Education",https://en.wikipedia.org/wiki/Louis_L._Redding,,,,Black,,,Male,,USA
"Fawcett, F. Conger ","Graduated in 1962 check the yearbooks, Miranda v. Arizona",LL.B.,1962,"Law Firm,Public Interest Law",,https://www.legacy.com/us/obituaries/marinij/name/frank-fawcett-obituary?pid=156083625,,,,White,,,Male,,USA
"Clement, Paul ","Not sure how we'll incoprorate this but it's awesome, and could be truncated to suit our needs.  He's politically diverse, and has been on three out of the 25 landmark cases that made my list.  United States v. Windsor, District of Columbia v. Heller, National Federation of Independent Business v. Sebelius . [REVISED - DON'T RECOMMEND, NOT REALLY FOR THE RESPONDENT ON WINDSOR]",J.D.,1992,Public Interest Law,Paul Clement ,https://today.law.harvard.edu/200-years-countless-stories-paul-clement/,,,,White,,,Male,,USA
"Driemeir, Douglas H. ","Graduated in 1994; Supervising Editor of the Harvard Law Review; Check the Yearbooks, Obergefell v. Hodges.  He appears in the 1993 yearbook.  We can use that photo.  https://www.ropesgray.com/en/biographies/h/douglas-hallward-driemeier",J.D.,1994,Public Interest Law,"1994 HLS graduate, Douglas Hallward-Driemeir argued before the Supreme Court in Obergefell v. Hodges, the landmark case which secured marriage equality across the United States.  Driemeir argued that marriages valid in one state must be recognized as valid by other states. ",https://www.ropesgray.com/en/biographies/h/douglas-hallward-driemeier,,,,White,,,Male,,USA
"Nader, Ralph",,LL.B.,1958,"Politics,Activist",,"https://en.wikipedia.org/wiki/Ralph_Nader,
https://psmag.com/news/the-essential-ralph-nader",,,,White (Lebanese),,,Male,"Green, Reform, I",USA
"Hauser, Rita ",,attended; did not graduate,1955-56,Public Interest Law,"Rita Hauser - US AMBA@sador to UN, Human Rights Council ","https://en.wikipedia.org/wiki/Rita_Hauser
HLS Student in 1955-56 but did not earn degree)",,,,White (Jewish),,,Female,R,USA
"Lynch, Loretta ",,J.D.,1984,Politics,"When she was appointed the 83rd attorney general of the United States in 2015, Lynch became the first African-American woman to hold the office.",https://en.wikipedia.org/wiki/Loretta_Lynch,,,,Black,,,Male,D,USA
"Branch, Ethel ",https://www.law360.com/articles/1148554/navajo-nation-ag-rejoins-kanji-katzen-to-lead-ariz-office   http://www.kanjikatzen.com/ethel-branch-former-navajo-nation-attorney-general-to-return-to-kanji-katzen-and-lead-flagstaff-office/,J.D.,2008,Public Interest Law,Ethel Branch '08 served as Navajo Nation Attorney General from 2015-2019.,https://today.law.harvard.edu/feature/branch-returns-navajo-roots/,,,,American Indian (Navajo),,,Female,,USA
"Strode, Blake ",,J.D.,2015,Public Interest Law,"Blake Strode '15 is the executive director of nonprofit civil rights firm ArchCity Defenders, based in St. Louis, Missouri.",https://today.law.harvard.edu/no-crime-poor/,,,,Black,,,Male,,USA
"Reyes, Natalie Trigo ",,J.D.,2019,Public Interest Law,,https://today.law.harvard.edu/on-a-mission/,,,,Hispanic (Puerto Rico),,,Female,,USA
"Crespo, Andrew ",,J.D.,2008,"Public Interest Law,Educator",Natalie Trigo Reyes ’19 organized legal and humanitarian aid in Puerto Rico following Hurricaine Maria.,"https://today.law.harvard.edu/on-a-mission/
https://www.thecrimson.com/article/2021/4/23/long-struggle-for-hls-representation/",,,,Hispanic,,,Male,,USA
"Nalunkuma,  Susan Mirembe",,LL.M.,2015,"Public Interest Law,Activist",,https://today.law.harvard.edu/ll-m-s-for-lgbt-rights/,,,,Black (Ugandan),,,Female,,Uganda
"Akullo, Godiva ",https://www.the-isla.org/our-staff/susan-mirembe-nalunkuma/   https://ug.linkedin.com/in/godiva-monica-akullo-0941371a    Godiva worked for us at the circulation desk during her @LL.M.@ year!,LL.M.,2015,"Public Interest Law,Activist",Susan Mirembe Nalunkuma @LL.M.@ ’15 and Godiva Akullo @LL.M.@ ’15 are LGBT and feminist activists in Uganda.,https://today.law.harvard.edu/ll-m-s-for-lgbt-rights/,,,,Black (Ugandan),,,Female,,Uganda
"Stevenson, Bryan ",,J.D.,1985,Public Interest Law,"Bryan Stevenson is the founder and executive director of the Equal Justice Initiative, the organization behind the National Memorial for Peace and Justice and The Legacy Museum in Montgomery Alabama.",See video for possible quotes: https://today.law.harvard.edu/bryan-stevenson-85-we-cant-recover-from-this-history-until-we-deal-with-it/,,,,Black,,,Male,,USA
"Fong, Hiram ",,LL.B.,1935,Politics,"Fong was the first HLS Asian American graduate and first U.S. Senator of Asian ancestry, when he represented Hawaii after its admisison to the Union.",https://en.wikipedia.org/wiki/Hiram_Fong,,,,Asian (Chinese),,,Male,R,"USA, Hawaiian Kingdom"
"Chao, Tien Lin  (赵天麟）",,LL.B.,1911,,Chao was the first HLS graduate from China,Class photo,,,,Asian (Chinese),,,Male,,
"Cheung, Andrew  (張舉能)",,LL.M.,1985,Judge,Cheung is Permanent Judge of the Court of Final Appeal Hong Kong,"https://www.hkcfa.hk/en/about/who/judges/pjs/index_id_22.html?dm_t=0,0,0,0,0",,,,Asian,,,Male,,China
"Sangay, Lobsang ",,"LL.M.,S.J.D.",1996 / 2004,Politics,The first Tibetan to earn a @S.J..D.@ degree from Harvard Law School.  He is Tibetan Prime Minister in Exile,https://en.wikipedia.org/wiki/Lobsang_Sangay,,,,Asian,,,Male,,"Tibet, India, USA"
"Corona, Renato ",,LL.M.,1982,Judge,the 23rd Chief Justice of the Supreme Court of the Philippines,https://en.wikipedia.org/wiki/Renato_Corona,,,,Asian (Filipino),,,Male,National Democratic Party of Tibet,Philippines
"Ying-jeou, Ma  (馬英九)",,S.J.D.,1981,Politics,Former president of the Republic of China (Taiwan),https://en.wikipedia.org/wiki/Ma_Ying-jeou,,,,Asian (Chinese),,,Male,Kuomintang,
"Kaneko, Kentaro  (金子 堅太郎)",,LL.B.,1878,Politics,Count and former statesman and diplomat in Meiji Japan; one of the draftors of Meiji Constitution ,"https://www.thecrimson.com/article/1904/4/14/baron-kaneko-to-lecture-pbaron-kentaro/, 
",,,,Asian (Japanese),,,Male,,Japan
"Chang, Fu-yun  (张福运)",,LL.B.,1917,Politics,"Former Director General of the Chinese Maritime Customs Service, he played a central role in returning customs authority from foreign domination to Chinese control, as well as regaining China's tariff autonomy.  In his name, Chang's daughter Julia (张之香, MA 1967, first U.S. aMBA@ssador of Asian descent) and Son-in-law Stuart Bloch (@LL.B.@ 1967) founded F.Y. China foundation in 1988. The foundation has has helped more than 60 Chinese earn Harvard Law degrees, and today those scholars are among China's most influential judges, attorneys, professors and legal experts. https://uscet.org/fy-chang-foundation)  and https://blogs.harvard.edu/guorui/2008/11/19/rule-of-law-commitment-and-the-future-of-china-and-us-fy-chang-foundations-twenty-year-celebration/",https://uscet.org/fy-chang-foundation,,,,Asian ,,,Male,,China
"Bo, Li  (李波）",,J.D.,1999,"Business,Public Interest Law"," Bo was the principal legal adviser to the head of the Chinese central bank and was intimately involved in the most complex issues the bank has confronted vis-à-vis foreign participation in the Chinese economy and Sino-American relations. In 2018, Li left the Chinese central bank to become the President of All-China Federation of Returned Overseas Chinese.","https://today.law.harvard.edu/feature/why-china/
who is not only a magna cum laude @J.D.@ graduate but also holds a Ph.D. in economics from Stanford.",,,,Asian ,,,Male,,China
"Gersen, Jeannie Suk ",,J.D.,2002,Educator,"In 2010, Suk was granted tenure; she was the first Asian American woman awarded tenure in the law school's history] She is currently the John H. Watson, Jr. Professor of Law. ",https://hls.harvard.edu/faculty/directory/10869/Gersen,,,,Asian,,,Female,,USA
"Fenwick, Lila A. ",,LL.B.,1956,Public Interest Law,"Fenwick served as the Chief of the Human Rights Division at the United Nations. In 1956, she was the first African-American woman to graduate from Harvard Law School. . ",https://en.wikipedia.org/wiki/Lila_Fenwick,,,,Black,,,Female,,USA
"Lopez, Henry (Hank) ",,LL.B.,1948,,First Chicano graduate,"First Chicano Graduate of HLS: Hank Lopez, 1948, Source: Raza Review, 1980? HOLLIS 012755680 ",,,,Hispanic (Mexican),,,Male,,USA
"Richards, Judith Hope ",Different last name on Wikipedia page,J.D.,1964,"Public Interest Law,Politics,Educator",First woman elected fellow of Harvard College,https://en.wikipedia.org/wiki/Judith_Richards_Hope,,,,White,,,Female,R,USA
"Umana, Imelme ",,J.D.,2018,,2017 First Black woman elected president of Harvard Law Review,https://en.wikipedia.org/wiki/ImeIme_Umana,,,,Black (Nigerian),,,Female,,USA
"Coleman, William T. ",,LL.B.,1946,Politics,William T. Coleman. @LL.B.@. 1946,https://en.wikipedia.org/wiki/William_Thaddeus_Coleman_Jr.,,,,Black ,,,Male,R,USA
"Blades, Rubén ",,LL.M.,1985,"Musician,Politics",,https://en.wikipedia.org/wiki/Rubén_Blades,,,,Hispanic ,,,Male,,Panama
"Davis, Clive ",,LL.B.,1956,"Business,Entertainment",,https://en.wikipedia.org/wiki/Clive_Davis,,,,White (Jewish),,,Male,,USA
"Wu, Michelle ",,J.D.,2012,Politics,,https://en.wikipedia.org/wiki/Michelle_Wu,,,,Asian (Chinese),,,Female,,USA
"Chu, Morgan ",,J.D.,1976,Law Firm,,https://en.wikipedia.org/wiki/Morgan_Chu,,,,Asian (Chinese),,,Male,,USA
"Docherty, Bonnie",,J.D.,2001,"Public Interest Law,Educator",,https://hls.harvard.edu/faculty/directory/10217/Docherty,,,,White,,,Female,,USA
"Richardson, Julieanna ",,J.D.,1980,Educator,,https://en.wikipedia.org/wiki/Julieanna_Richardson The History Makers,,,,Black,,,Female,,USA
"Coomaraswamy, Radhika ",,LL.M.,1982,"Activist,Public Interest Law",,https://en.wikipedia.org/wiki/Radhika_Coomaraswamy,,,,Asian (Sri Lankan),,,Female,,Sri Lanka
"Pillay, Navi ",,"LL.M.,S.J.D.",1982 / 1988,Judge,"The first non-white judge on the High Court of South Africa, Navi Pillay served as the UN High Commissioner for Human Rights from 2008-2014. As a judge on the International Criminal Tribunal for Rwanda, she set the legal precedent that rape and sexual assault could be considered an act of genocide.",https://en.wikipedia.org/wiki/Navi_Pillay,,,,Asian (Indian),,,Female,,South Africa
"MacLeish, Archibald",,LL.B.,1919,"Author,Librarian",,"https://en.wikipedia.org/wiki/Archibald_MacLeish, https://hollisarchives.lib.harvard.edu/repositories/4/archival_objects/1049431",,,,White,,,Male,,USA
"Chenault, Kenneth ",,J.D.,1976 (77),Business,,https://en.wikipedia.org/wiki/Kenneth_Chenault,,,,Black,,,Male,,USA
"Romney, Mitt ",,J.D.,1975,Politics,,https://en.wikipedia.org/wiki/Mitt_Romney,,,,White ,,,Male,R,USA
"Vilá, Aníbal Acevedo ",,LL.M.,1987,Politics,,https://en.wikipedia.org/wiki/An%C3%ADbal_Acevedo_Vilá,,,,Hispanic,,,Male,Popular Democratic,USA
"Power, Samantha ",,J.D.,1999,Politics,,https://en.wikipedia.org/wiki/Samantha_Power,,,,White,,,Female,D,USA
"Reno, Janet ",,LL.B.,1963,Politics,,https://en.wikipedia.org/wiki/Janet_Reno,,,,White,,,Female,D,USA
"Oposa, Antonio, Jr.",,LL.M.,1997,"Public Interest Law,Activist",,https://en.wikipedia.org/wiki/Antonio_Oposa,,,,Asian,,,Male,,Philippines
"Grossman, David",,J.D.,1988,Public Interest Law,,http://www.davidgrossmanfund.org/new-index,,,,White,,,Male,,USA
"Fleschner, Kristin ",,J.D.,2014,Activist,,https://www.kristinfleschner.com/,,,,White,,,Female,,USA
"Raggi, Reena ",,J.D.,1976,Judge,,https://en.wikipedia.org/wiki/Reena_Raggi,,,,White,,,Female,,USA
"Saeed, Faiza ",,J.D.,1991,Law Firm,,https://en.wikipedia.org/wiki/Faiza_Saeed,,,,Asian (Pakistani),,,Female,,USA
"Murthy, Sheela ",,LL.M.,1987,Law Firm,,https://en.wikipedia.org/wiki/Sheela_Murthy,,,,Asian (Indian),,,Female,,"USA, India"
"Zoellick,  Robert B. ",,J.D.,1981,"Business,Public Interest Law",,https://en.wikipedia.org/wiki/Robert_Zoellick,,,,White (German),,,Male,R,USA
"Ngcobo, Sandile ",,LL.M.,1986,Judge,,https://en.wikipedia.org/wiki/Sandile_Ngcobo,,,,Black (South African),,,Male,,South Africa
"Frank, Barney ",,J.D.,1977,Politics,,https://en.wikipedia.org/wiki/Barney_Frank,,,,White (Jewish),,,Male,D,USA
"Behrendt, Larissa ",,"LL.M.,S.J.D.",1994 / 1998,Educator,,https://en.wikipedia.org/wiki/Larissa_Behrendt,,,,"Aboriginal (Mixed, White)",,,Female,,USA
"Weld, William ",,J.D.,1970,Politics,,https://en.wikipedia.org/wiki/Bill_Weld,,,,White,,,Male,"R, L",USA
"Silberman, Laurence ",,LL.B.,1961,Judge,,"https://en.wikipedia.org/wiki/Laurence_Silberman

https://www.fjc.gov/history/judges/silberman-laurence-hirsch
",,,,White,,,Male,R,USA
"Stern, Todd ",,J.D.,1977,Politics,,https://en.wikipedia.org/wiki/Todd_Stern,,,,White,,,Male,D,USA
"Sarbanes, John ",,J.D.,1988,Politics,,https://en.wikipedia.org/wiki/John_Sarbanes,,,,"White (Greek, English)",,,Male,D,USA
"Davis, Wendy",,J.D.,1993,Politics,,https://en.wikipedia.org/wiki/Wendy_Davis_(politician),,,,White,,,Female,D,USA
"Elorza, Jorge ",,J.D.,2003,Politics,,https://en.wikipedia.org/wiki/Jorge_Elorza,,,,Hispanic (Guatemalan),,,Male,D,USA
"Schroeder, Pat ",,J.D.,1964,Politics,First female U.S. rep elected in Colorado ,https://en.wikipedia.org/wiki/Pat_Schroeder,,,,White,,,Female,D,USA
"Harman, Jane",,J.D.,1969,Politics,,https://en.wikipedia.org/wiki/Jane_Harman,,,,"White (Polish, Russian)",,,Female,D,USA
"Dukakis, Michael ",,LL.B.,1960,Politics,,https://en.wikipedia.org/wiki/Michael_Dukakis#Early_life_and_education,,,,White (Greek),,,Male,D,USA
"Babbitt, Bruce ",,LL.B.,1965,Politics,,https://en.wikipedia.org/wiki/Bruce_Babbitt,,,,White,,,Male,D,USA
"Trope, Jack F. ",,J.D.,1980,Public Interest Law,,https://www.linkedin.com/in/jack-trope-74226713,,,,,,,,,
"Califano, Joseph",,LL.B.,1955,"Politics,Public Interest Law",,https://en.wikipedia.org/wiki/Joseph_A._Califano_Jr.,,,,White,,,Male,D,USA
"Holton, Anne ",,J.D.,1983,Politics,,https://en.wikipedia.org/wiki/Anne_Holton,,,,White,,,Female,D,USA
"Lee, Debra L. ",,J.D.,1980,"Business,Entertainment",,https://en.wikipedia.org/wiki/Debra_L._Lee,,,,Black,,,Female,,USA
"Lenaerts, Koen",,LL.M.,1978,Judge,,https://en.wikipedia.org/wiki/Koen_Lenaerts,,,,White (Belgian),,,Male,,Belgium
"Levin, Carl ",,LL.B.,1959,Politics,,https://en.wikipedia.org/wiki/Carl_Levin,,,,White (Jewish),,,Male,D,USA
"Lu, Annette ",,LL.M.,1978,Politics,,https://en.wikipedia.org/wiki/Annette_Lu,,,,Asian (Chinese),,,Female,Democratic Progressive Party,Taiwan 
"Flom, Joseph",,LL.B.,1948,"Law Firm,Business",,https://en.wikipedia.org/wiki/Joseph_Flom,,,,White (Jewish),,,Male,,USA
"Miller, Paul Steven ",,J.D.,1986,"Public Interest Law,Activist",,https://en.wikipedia.org/wiki/Paul_Steven_Miller,,,,White,,,Male,,USA
"Fields, Bert ",,LL.B.,1952,Entertainment,,https://en.wikipedia.org/wiki/Bert_Fields,,,,White,,,Male,,USA
"Gergen, David ",,LL.B.,1967,"Media,Politics",,https://en.wikipedia.org/wiki/David_Gergen,,,,White,,,Male,"R, I",USA
"Bunche, Ralph ",,LL.D.,1949,"Politics,Public Interest Law",First African-American awarded a Nobel Peace Prize,http://en.wikipedia.org/wiki/Ralph_Bunche; http://www.harvard.edu/nobel-laureates  ,,,,Black ,,,Male,,USA
"Robinson, Randall ",,J.D.,1970,Activist,Founder and former president of TransAfrica; received HLS Medal of Freedom 2005,https://en.wikipedia.org/wiki/Randall_Robinson,,,,Black,,,Male,,USA
"Martins, Mark ",,J.D.,1990,Military,Army Brigadier General; received HLS Medal of Freedom 2011,https://en.wikipedia.org/wiki/Mark_S._Martins,,,,White,,,Male,,USA
"Bok, Derek ",,J.D.,1954,Educator,"HLS Dean, Harvard president; received HLS Medal of Freedom 2011",https://en.wikipedia.org/wiki/Derek_Bok,,,,White,,,Male,,USA
"Ferencz, Benjamin B. ",,LL.B.,1943,Public Interest Law,Chief prosecutor of Nuremberg Trials; received HLS Medal of Freedom 2014,https://en.wikipedia.org/wiki/Ben_Ferencz,,,,White (Jewish),,,Male,,USA
"Wells, Theodore V., Jr. ",,J.D. / M.B.A.,1976,Law Firm,"Partner & Co-Chair of Litigation: Paul, Weiss, Rifkind, Wharton & Garrison; received HLS Medal of Freedom 2016",https://en.wikipedia.org/wiki/Ted_Wells,,,,Black,,,Male,,USA
"Leighton, George N. ",,LL.B.,1943 (46),Judge,"Senior Judge on US District Court, 
Northern District of Illinois","https://www.thehistorymakers.org/biography/honorable-george-n-leighton
https://www.fjc.gov/history/judges/leighton-george-neves",,,,Black ,"1941/42, page 97",1945/46 not pictured (no 1943 yearbook),Male,,USA
"Edwards, Dennis, Jr.
",,J.D.,1944,Judge,"New York
Court of Claims (probably now retired )","https://www.nytimes.com/1983/06/12/nyregion/3-judges-and-lawyer-chosen-by-cuomo-for-court-of-claims.html
https://en.wikipedia.org/wiki/Dennis_Edwards_Jr.",,,,Black,"1941/42, page 118",1945/46 not pictured   (no 1944 yearbook),Male,,USA
"Sugarmon, Russell B.,  Jr.",,LL.B.,1953,Judge,"Judge, General Sessions bench, Memphis, Tennessee",http://www.thehistorymakers.com/biography/honorable-russell-b-sugarmon,,,,Black,"1953, page 57",,Male,,USA
"Newman, Theodore R., Jr.",,J.D.,1958,Judge,"Chief Judge of the Court of Appeals, District of Washington, DC (retired 1991)",https://www.thehistorymakers.org/biography/honorable-theodore-newman-jr,,,,Black,"1958, page 65",,Male,,USA
"Rogers, Judith W. ",,LL.B.,1964,Judge,"US Court of Appeals, District of Washington, DC",https://www.cadc.uscourts.gov/internet/home.nsf/Content/VL+-+Judges+-+JWR+,,,,Black,"1964, page 102",as Judith Ann Wilson,Female,,USA
"Mack Bell, Robert ",,J.D.,1969,Judge,"Chief Judge, Maryland Court of Appeals 
(retired 2014)",http://msa.maryland.gov/msa/mdmanual/29ap/former/html/msa11654.html,,,,Black ,"1969, page 84",,Male,,USA
"Boykin, Ulysses W. ",,J.D.,1970,Judge,"State of Michigan Circuit Court, 3rd Circuit",http://www.freep.com/videos/news/local/michigan/wayne/2015/03/24/70393728/,,,,Black ,"1970, page 92",,Male,,USA
"Pierce, Rudolph F. ",,J.D.,1970,Judge,Former Associate Justice of Massachusetts Superior Court,"http://www.longroadtojustice.org/people/lawyers.php
http://www.longroadtojustice.org/people/african-american-judges-in-massachusetts.php",,,,Black ,"1970, page 104",,Male,,USA
"Jackson, Marie Oliver ",,J.D.,1972,Judge,Massachusetts District Court Judge,http://www.medfordhistorical.org/medford-history/afro-american-remembrance-project/the-honorable-marie-oliver-jackson/,,,,Black ,"1972, page 98",,Female,,USA
"Kennedy, Henry H., Jr.",,J.D.,1973,Judge,"US District Court, District of Washington, DC (retired 2011)",(URL includes the period): https://en.wikipedia.org/wiki/Henry_H._Kennedy_Jr. ,,,,Black ,"1973, page 123",,Male,,USA
"Sherrod, Theodore Roosevelt, Jr.",,J.D.,1973,Judge,Administrative Law Judge with the Illinois Department of Revenue's Office ,http://iaalj.org/about-iaalj/iaalj-board-members/,,,,Black ,"1972, page 141",2L photo. Not found in 1973 volume,Male,,USA
"Robinson, Rene Townsend ",,J.D.,1974,Judge,"Washington, DC, Retired as a judge but working in court system.","https://www.linkedin.com/in/r-townsend-robinson-a98895100, https://www.orlandosentinel.com/news/os-xpm-1986-03-01-0200280146-story.html",,,,Black ,,not found in 1974 or 1973,Female,,USA
"Spencer, James Randolph",,J.D.,1974,Judge,"Judge, US District Court, Eastern District of Virginia, Assumed senior status in March, 2014",http://wtvr.com/2014/01/25/holmberg-historic-trial-of-former-governor-mcdonnell-will-have-historic-judge/,,,,Black ,,"listed as not pictured in 1974, page 138. Also not pictured in 1973",Male,,USA
"Gibbs, Julia Dobbs ",,J.D.,1975,Judge,"Administrative Law Judge, Falls Church, VA",https://hls.harvard.edu/alumni/reunions/celebration-60/celebration-60-slideshow/,,,,Black ,"1975, page 114",as Julia Marie Dobbs,Female,,USA
"Dempsey, Alford J., Jr.",,J.D.,1976,Judge,"Superior Court of Fulton County, Georgia ",https://www.fultoncourt.org/judges/viewjudge.php?id=16,,,,Black ,"1976, page 120",,Male,,USA
"McCoy, Henry W. ",,J.D.,1976,Judge,"Washington, DC: Chief Administrative Law Judge at Dept. of Employment Services",https://www.linkedin.com/in/henry-mccoy-80244138,,,,Black ,"1976, page 129",,Male,,USA
"Jones, Abraham P. ",One of the sources is a Youtube video that appears to be private,J.D.,1977,"Judge,Politics","Former Supreme Court Judge, state of NC","https://www.youtube.com/watch?v=XJGh6ssnJs8
https://ballotpedia.org/Abraham_P._Jones_(North_Carolina)
",,,,Black ,"1977, page 122",,Male,D,USA
"Kuntz, William F.,  II",,J.D.,1977,Judge,"US District Court, Eastern District of New York",https://fedsoc.org/contributors/william-kuntz,,,,Black ,,listed as not pictured in 1977 and 1976,Male,,USA
"Young, Robert P., Jr.",,J.D.,1977,"Judge,Politics",Chief Justice of the Michigan Supreme Court,"https://web.archive.org/web/20121028160130/https://courts.michigan.gov/courts/michigansupremecourt/justices/pages/chief-justice-robert-p-young-jr.aspx

https://en.wikipedia.org/wiki/Robert_P._Young_Jr.",,,,Black ,"1977, page 136",,Male,R,USA
"Fisher, Fern A. ",,J.D.,1978,Judge,Deputy Chief Administrative Judge for NYC,"https://web.archive.org/web/20130708125117/http://www.nycourts.gov/ip/nya2j/profile.shtml
https://today.law.harvard.edu/justice-for-all/",,,,Black ,"1978, page 119",,Female,,USA
"Jackson, William McKinley ",,J.D.,1978,Judge,"Presiding Judge, Superior Court of the District of Columbia",https://www.dccourts.gov/fcconference/2009_family_court_conference/BIOS/WilliamJACKSON.htm,,,,Black ,"1978, page 122",,Male,,USA
"Leroy, Jacques C. ",URL does not work and I could not find if the page still exists on the web,J.D.,1978,Judge,"Massachusetts: District Court, Springfield District (retired 2011)","http://photos.masslive.com/republican/2014/08/mark_mastroianni_sworn_in_as_united_states_district_court_judge_in_springfield_49.html

",,,,Black ,"1977, page 151",2L photo. Not found in 1978 volume,Male,,USA
"Bush, Zoe A. ",,J.D.,1979,Judge,Superior Court of the District of Columbia,https://www.dccourts.gov/fcconference/2009_family_court_conference/BIOS/zoeBUSH.HTM,,,,Black ,"
1979, page 111
p.1978, page 142",2L photo. ,Female,,USA
"Motley, Thomas J. ",,J.D.,1979,Judge,"Judge, Superior Court of the District of Columbia",http://cjdt.dc.gov/sites/default/files/dc/sites/cjdt/publication/attachments/motley.pdf,,,,Black ,"
1979, page 122
1978, page 153",2L photo. ,Male,,USA
"Moyé, Eric V. ",,J.D.,1979,Judge,Texas: 14th Judicial District Court,http://judgemoye.com/,,,,Black ,"1979, page 123
1978, page 153",2L photo. ,Male,D,USA
"White, Gary J. ",,J.D.,1979,Judge,"Judge, District Superior Court, Stamford, Connecticut",http://www.nytimes.com/2013/11/21/nyregion/skakel-to-have-new-round-with-judge-who-affirmed-his-sentence.html,,,,Black ,"1979, page 132",listed as not pictured in 1978 and 1977. ,Male,,USA
"Getachew-Smith, David K. ",,J.D.,1980,Judge,Georgia: Fulton County Juvenile Court,,,,,Black ,"1980, page 131",as David Kenneth Smith,Male,,USA
"Coffee, Lee V. ",,J.D.,1981,Judge,"State of Tennessee, Criminal Court Judge",http://www.tncourts.gov/courts/judges/lee-v-coffee,,,,Black ,"1981, page 124",,Male,,USA
"Greenaway, Joseph A., Jr.",,J.D.,1981,Judge,"US Court of Appeals, 3rd Circuit",http://secretary.columbia.edu/trustees-columbia-university/joseph-greenaway-jr,,,,Black ,"1981, page 128",,Male,,USA
"Burrell, Sharon V. ",,J.D.,1982,Judge,"State of Maryland, 6th Judicial Circuit",http://www.montgomerycountymd.gov/cfw/resources/files/bioburrell.pdf,,,,Black ,"1982, page 119",,Female,,USA
"Swain, Laura Taylor ",,J.D.,1982,Judge,"US District Court, Southern District of NY",https://www.fjc.gov/history/judges/swain-laura-taylor,,,,Black ,"1982, page 133",as Laura A. Taylor,Female,,USA
"Reed, Robert Raymond",,J.D.,1984,Judge,Civil Court of the City of New York,"http://judges.newyorklawjournal.com/profile/New_York_City_Family_Court,_Bronx_County/Robert_Reed/Robert_Reed-38.xml",,,,Black ,"1984, page 102",,Male,,USA
"Hardwick, Lisa White ",,J.D.,1985,Judge,"Missouri Court of Appeals, Western District",http://www.courts.mo.gov/page.jsp?id=503,,,,Black ,"1985, page 120",as Lisa D. White,Female,,USA
"Freeman-Wilson, Karen ",On the original spreadsheet there are no degree type listed for many of the following. I am leaving them blank for now,,1985,Judge,"Former Presiding Judge of the Gary City Court, Indiana",http://www.chicagomag.com/Chicago-Magazine/April-2012/Can-Karen-Freeman-Wilson-Fix-Gary-Indiana/,,,,Black ,"1985, page 107",as Karen M. Freeman,Female,D,USA
"Lawrence, Rick E. ",,,1986,Judge,"Maine District Court, Lewiston",https://www.courts.maine.gov/courts/district/judges.html,,,,Black ,"1986, page 170",,Male,,USA
"Lucas, Eric Z. ",,,1986,Judge,Washington State: Snohomish County Superior Court,https://web.archive.org/web/20140716084350/http://www.snohomishcountywa.gov/Directory.aspx?EID=521,,,,Black ,"1986, page 171",,Male,,USA
"Ross, Maurice A. ",,,1986,Judge,Associate Judge of the Superior Court of the District of Columbia,https://web.archive.org/web/20161106211901/http://www.dwlr.com/judge-bios/ross-maurice,,,,Black ,"1986, page 174",,Male,,USA
"Broderick, Vernon Speede ",The source in the original spreadsheet seems to know longer exist and I could not find an archived version,J.D.,1988,Judge,"US District Court, Southern District of NY","https://en.wikipedia.org/wiki/Vernon_S._Broderick
https://www.panjury.com/trials/Vernon-S-Broderick",,,,Black ,,not found in 1988 or 1987 (1988 does not list unpictured),Male,,USA
"Lovett, Willie J.,  Jr.",LinkedIn page no longer exists. He has passed away.,,1988,Judge,"Georgia: Juvenile Court Judge in the Atlanta Judicial Circuit, Fulton County","https://www.johnmarshall.edu/tribute-professor-willie-j-lovett-jr/
https://www.linkedin.com/in/hon-willie-j-lovett-jr-4ba683b",,,,Black ,"1988, page 92",,Male,,USA
"Bolden, Victor A. ",,,1989,Judge,"US District Court, District of Connecticut",https://web.archive.org/web/20160811190941/https://www.qu.edu/news-and-events/black-law-students-association-presents-thurgood-marshall-award-to-judge-victor-a-bolden/,,,,Black ,"1989, page 85",,Male,,USA
"Gomez, Curtis Vincent ",,,1989,Judge,US District Judge for the District Court of the Virgin Islands,http://www.vid.uscourts.gov/sites/vid/files/CVG_Policies_and_Procedures_4-24-14.pdf,,,,Black ,"1989, page 95",,Male,,USA
"Hanks, George C., Jr.",,,1989,Judge,"US District Judge, Southern District of Texas ",http://www.txs.uscourts.gov/content/united-states-district-judge-george-c-hanks-jr,,,,Black ,"1989, page 97",,Male,,USA
"Wilkins, Robert Leon ",,,1989,Judge,"US Court of Appeals, District of Washington, DC",https://en.wikipedia.org/wiki/Robert_L._Wilkins,,,,Black ,"1989, page 118",,Male,,USA
"Wright, Wilhelmina Marie ",,,1989,Judge,"US District Court, District of Minnesota",https://en.wikipedia.org/wiki/Wilhelmina_Wright,,,,Black ,"1989, page 119",,Female,,USA
"Barthwell, Sidney,  Jr.","I could not find access to the source in the original spreadsheet. I have included two new sources, including an article on the same topic.",J.D.,1990,Judge,"36th District Court Magistrate, Detroit, Michigan","https://afro.com/remembering-sidney-barthwell-jr/
https://www.theoaklandpress.com/2012/10/09/detroit-magistrate-went-to-school-with-obama-romney-with-video/

http://www.onenewspage.us/video/20121009/1077468/Sidney-Barthwell-Jr-talks-about-Obama-and-Romney.htm",,,,Black ,"1990, page 81",,Male,,USA
"Richard, Tynia D. ",,,1990,Judge,"New York, Administrative Law Judge",http://www.nytimes.com/interactive/2014/09/30/nyregion/judges-recommendation-on-rikers-case.html,,,,Black ,"1990, page 106",,Female,,USA
"Budd, Kimberly S. ",The source in the original spreadsheet seems to know longer exist and I could not find an archived version,J.D.,1991,Judge,Massachusetts Superior Court,https://www.ethniconline.net/post/newly-appointed-supreme-judicial-court-chief-justice-kimberly-budd,,,,Black ,"1991, page 81",,Female,,USA
"Gaffney, Donald F. ",,,1991,Judge,California Superior Court,http://www.occourts.org/directory/judicial-officers/judicial-officers.html,,,,Black ,,not found in 1991 or 1990,Male,,USA
"Casper, Denise Jefferson ",,J.D.,1994,Judge,"US District Court, District of Massachusetts","http://newsletter.blogs.wesleyan.edu/2011/04/13/casper-90-confirmed-as-federal-judge/

https://en.wikipedia.org/wiki/Denise_J._Casper",Presided over Whitey Bulger trial,,,Black ,"1994, page 93",as Denise Jefferson,Female,,USA
"Garnett, Sherilyn P. (Peace) ",,,1995,Judge,California: Los Angeles Superior Court,http://www.metnews.com/articles/2014/appt061914.htm,,,,Black ,,not found in 1995 or 1994,Female,,USA
"Jackson, Ketanji Brown ",,J.D.,1996,Judge,"US District Court, District of Washington, DC",https://web.archive.org/web/20160323013449/http://www.dcd.uscourts.gov/dcd/kjackson,,,,Black ,"1994, page 93",as Ketanji O. Brown,Female,,USA
,,,,,,,,,,,,,,,
,,,,,,,,,,,,,,,
,,,,,,,,,,,,,,,
,,,,,,,,,,,,,,,
,,,,,,,,,,,,,,,
,,,,,,,,,,,,,,,
,,,,,,,,,,,,,,,
,,,,,,,,,,,,,,,
,,,,,,,,,,,,,,,
,,,,,,,,,,,,,,,
,,,,,,,,,,,,,,,
,,,,,,,,,,,,,,,
,,,,,,,,,,,,,,,
,,,,,,,,,,,,,,,
,,,,,,,,,,,,,,,
,,,,,,,,,,,,,,,
,,,,,,,,,,,,,,,
,,,,,,,,,,,,,,,
,,,,,,,,,,,,,,,
,,,,,,,,,,,,,,,
,,,,,,,,,,,,,,,
,,,,,,,,,,,,,,,
,,,,,,,,,,,,,,,
,,,,,,,,,,,,,,,
,,,,,,,,,,,,,,,
,,,,,,,,,,,,,,,
,,,,,,,,,,,,,,,
,,,,,,,,,,,,,,,
,,,,,,,,,,,,,,,
,,,,,,,,,,,,,,,
,,,,,,,,,,,,,,,
,,,,,,,,,,,,,,,
,,,,,,,,,,,,,,,
,,,,,,,,,,,,,,,
,,,,,,,,,,,,,,,
,,,,,,,,,,,,,,,
,,,,,,,,,,,,,,,
,,,,,,,,,,,,,,,
,,,,,,,,,,,,,,,
,,,,,,,,,,,,,,,
,,,,,,,,,,,,,,,
,,,,,,,,,,,,,,,
,,,,,,,,,,,,,,,
,,,,,,,,,,,,,,,
,,,,,,,,,,,,,,,
,,,,,,,,,,,,,,,
,,,,,,,,,,,,,,,
,,,,,,,,,,,,,,,
,,,,,,,,,,,,,,,
,,,,,,,,,,,,,,,
,,,,,,,,,,,,,,,
,,,,,,,,,,,,,,,
,,,,,,,,,,,,,,,
,,,,,,,,,,,,,,,
,,,,,,,,,,,,,,,
,,,,,,,,,,,,,,,
,,,,,,,,,,,,,,,
,,,,,,,,,,,,,,,
,,,,,,,,,,,,,,,
,,,,,,,,,,,,,,,
,,,,,,,,,,,,,,,
,,,,,,,,,,,,,,,
,,,,,,,,,,,,,,,
,,,,,,,,,,,,,,,
,,,,,,,,,,,,,,,
,,,,,,,,,,,,,,,
,,,,,,,,,,,,,,,
,,,,,,,,,,,,,,,
,,,,,,,,,,,,,,,
,,,,,,,,,,,,,,,
,,,,,,,,,,,,,,,
,,,,,,,,,,,,,,,
,,,,,,,,,,,,,,,
,,,,,,,,,,,,,,,
,,,,,,,,,,,,,,,
,,,,,,,,,,,,,,,
,,,,,,,,,,,,,,,
,,,,,,,,,,,,,,,
,,,,,,,,,,,,,,,
,,,,,,,,,,,,,,,
,,,,,,,,,,,,,,,
,,,,,,,,,,,,,,,
,,,,,,,,,,,,,,,
,,,,,,,,,,,,,,,
,,,,,,,,,,,,,,,
,,,,,,,,,,,,,,,
,,,,,,,,,,,,,,,
,,,,,,,,,,,,,,,
,,,,,,,,,,,,,,,
,,,,,,,,,,,,,,,
,,,,,,,,,,,,,,,
,,,,,,,,,,,,,,,
,,,,,,,,,,,,,,,
,,,,,,,,,,,,,,,
,,,,,,,,,,,,,,,
,,,,,,,,,,,,,,,
,,,,,,,,,,,,,,,
,,,,,,,,,,,,,,,
,,,,,,,,,,,,,,,
,,,,,,,,,,,,,,,
,,,,,,,,,,,,,,,
,,,,,,,,,,,,,,,
,,,,,,,,,,,,,,,
,,,,,,,,,,,,,,,
,,,,,,,,,,,,,,,
,,,,,,,,,,,,,,,
,,,,,,,,,,,,,,,
,,,,,,,,,,,,,,,
,,,,,,,,,,,,,,,
,,,,,,,,,,,,,,,
,,,,,,,,,,,,,,,
,,,,,,,,,,,,,,,
,,,,,,,,,,,,,,,
,,,,,,,,,,,,,,,
,,,,,,,,,,,,,,,
,,,,,,,,,,,,,,,
,,,,,,,,,,,,,,,
,,,,,,,,,,,,,,,
,,,,,,,,,,,,,,,
,,,,,,,,,,,,,,,
,,,,,,,,,,,,,,,
,,,,,,,,,,,,,,,
,,,,,,,,,,,,,,,
,,,,,,,,,,,,,,,
,,,,,,,,,,,,,,,
,,,,,,,,,,,,,,,
,,,,,,,,,,,,,,,
,,,,,,,,,,,,,,,
,,,,,,,,,,,,,,,
,,,,,,,,,,,,,,,
,,,,,,,,,,,,,,,
,,,,,,,,,,,,,,,
,,,,,,,,,,,,,,,
,,,,,,,,,,,,,,,
,,,,,,,,,,,,,,,
,,,,,,,,,,,,,,,
,,,,,,,,,,,,,,,
,,,,,,,,,,,,,,,
,,,,,,,,,,,,,,,
,,,,,,,,,,,,,,,
,,,,,,,,,,,,,,,
,,,,,,,,,,,,,,,
,,,,,,,,,,,,,,,
,,,,,,,,,,,,,,,
,,,,,,,,,,,,,,,
,,,,,,,,,,,,,,,
,,,,,,,,,,,,,,,
,,,,,,,,,,,,,,,
,,,,,,,,,,,,,,,
,,,,,,,,,,,,,,,
,,,,,,,,,,,,,,,
,,,,,,,,,,,,,,,
,,,,,,,,,,,,,,,
,,,,,,,,,,,,,,,
,,,,,,,,,,,,,,,
,,,,,,,,,,,,,,,
,,,,,,,,,,,,,,,
,,,,,,,,,,,,,,,
,,,,,,,,,,,,,,,
,,,,,,,,,,,,,,,
,,,,,,,,,,,,,,,
,,,,,,,,,,,,,,,
,,,,,,,,,,,,,,,
,,,,,,,,,,,,,,,
,,,,,,,,,,,,,,,
,,,,,,,,,,,,,,,
,,,,,,,,,,,,,,,
,,,,,,,,,,,,,,,
,,,,,,,,,,,,,,,
,,,,,,,,,,,,,,,
,,,,,,,,,,,,,,,
,,,,,,,,,,,,,,,
,,,,,,,,,,,,,,,
,,,,,,,,,,,,,,,
,,,,,,,,,,,,,,,
,,,,,,,,,,,,,,,
,,,,,,,,,,,,,,,
,,,,,,,,,,,,,,,
,,,,,,,,,,,,,,,
,,,,,,,,,,,,,,,
,,,,,,,,,,,,,,,
,,,,,,,,,,,,,,,
,,,,,,,,,,,,,,,
,,,,,,,,,,,,,,,
,,,,,,,,,,,,,,,
,,,,,,,,,,,,,,,
,,,,,,,,,,,,,,,
,,,,,,,,,,,,,,,
,,,,,,,,,,,,,,,
,,,,,,,,,,,,,,,
,,,,,,,,,,,,,,,
,,,,,,,,,,,,,,,
,,,,,,,,,,,,,,,
,,,,,,,,,,,,,,,
,,,,,,,,,,,,,,,
,,,,,,,,,,,,,,,
,,,,,,,,,,,,,,,
,,,,,,,,,,,,,,,
,,,,,,,,,,,,,,,
,,,,,,,,,,,,,,,
,,,,,,,,,,,,,,,
,,,,,,,,,,,,,,,
,,,,,,,,,,,,,,,
,,,,,,,,,,,,,,,
,,,,,,,,,,,,,,,
,,,,,,,,,,,,,,,
,,,,,,,,,,,,,,,
,,,,,,,,,,,,,,,
,,,,,,,,,,,,,,,
,,,,,,,,,,,,,,,
,,,,,,,,,,,,,,,
,,,,,,,,,,,,,,,
,,,,,,,,,,,,,,,
,,,,,,,,,,,,,,,
,,,,,,,,,,,,,,,
,,,,,,,,,,,,,,,
,,,,,,,,,,,,,,,
,,,,,,,,,,,,,,,
,,,,,,,,,,,,,,,
,,,,,,,,,,,,,,,
,,,,,,,,,,,,,,,
,,,,,,,,,,,,,,,
,,,,,,,,,,,,,,,
,,,,,,,,,,,,,,,
,,,,,,,,,,,,,,,
,,,,,,,,,,,,,,,
,,,,,,,,,,,,,,,
,,,,,,,,,,,,,,,
,,,,,,,,,,,,,,,
,,,,,,,,,,,,,,,
,,,,,,,,,,,,,,,
,,,,,,,,,,,,,,,
,,,,,,,,,,,,,,,
,,,,,,,,,,,,,,,
,,,,,,,,,,,,,,,
,,,,,,,,,,,,,,,
,,,,,,,,,,,,,,,
,,,,,,,,,,,,,,,
,,,,,,,,,,,,,,,
,,,,,,,,,,,,,,,
,,,,,,,,,,,,,,,
,,,,,,,,,,,,,,,
,,,,,,,,,,,,,,,
,,,,,,,,,,,,,,,
,,,,,,,,,,,,,,,
,,,,,,,,,,,,,,,
,,,,,,,,,,,,,,,
,,,,,,,,,,,,,,,
,,,,,,,,,,,,,,,
,,,,,,,,,,,,,,,
,,,,,,,,,,,,,,,
,,,,,,,,,,,,,,,
,,,,,,,,,,,,,,,
,,,,,,,,,,,,,,,
,,,,,,,,,,,,,,,
,,,,,,,,,,,,,,,
,,,,,,,,,,,,,,,
,,,,,,,,,,,,,,,
,,,,,,,,,,,,,,,
,,,,,,,,,,,,,,,
,,,,,,,,,,,,,,,
,,,,,,,,,,,,,,,
,,,,,,,,,,,,,,,
,,,,,,,,,,,,,,,
,,,,,,,,,,,,,,,
,,,,,,,,,,,,,,,
,,,,,,,,,,,,,,,
,,,,,,,,,,,,,,,
,,,,,,,,,,,,,,,
,,,,,,,,,,,,,,,
,,,,,,,,,,,,,,,
,,,,,,,,,,,,,,,
,,,,,,,,,,,,,,,
,,,,,,,,,,,,,,,
,,,,,,,,,,,,,,,
,,,,,,,,,,,,,,,
,,,,,,,,,,,,,,,
,,,,,,,,,,,,,,,
,,,,,,,,,,,,,,,
,,,,,,,,,,,,,,,
,,,,,,,,,,,,,,,
,,,,,,,,,,,,,,,
,,,,,,,,,,,,,,,
,,,,,,,,,,,,,,,
,,,,,,,,,,,,,,,
,,,,,,,,,,,,,,,
,,,,,,,,,,,,,,,
,,,,,,,,,,,,,,,
,,,,,,,,,,,,,,,
,,,,,,,,,,,,,,,
,,,,,,,,,,,,,,,
,,,,,,,,,,,,,,,
,,,,,,,,,,,,,,,
,,,,,,,,,,,,,,,
,,,,,,,,,,,,,,,
,,,,,,,,,,,,,,,
,,,,,,,,,,,,,,,
,,,,,,,,,,,,,,,
,,,,,,,,,,,,,,,
,,,,,,,,,,,,,,,
,,,,,,,,,,,,,,,
,,,,,,,,,,,,,,,
,,,,,,,,,,,,,,,
,,,,,,,,,,,,,,,
,,,,,,,,,,,,,,,
,,,,,,,,,,,,,,,
,,,,,,,,,,,,,,,
,,,,,,,,,,,,,,,
,,,,,,,,,,,,,,,
,,,,,,,,,,,,,,,
,,,,,,,,,,,,,,,
,,,,,,,,,,,,,,,
,,,,,,,,,,,,,,,
,,,,,,,,,,,,,,,
,,,,,,,,,,,,,,,
,,,,,,,,,,,,,,,
,,,,,,,,,,,,,,,
,,,,,,,,,,,,,,,
,,,,,,,,,,,,,,,
,,,,,,,,,,,,,,,
,,,,,,,,,,,,,,,
,,,,,,,,,,,,,,,
,,,,,,,,,,,,,,,
,,,,,,,,,,,,,,,
,,,,,,,,,,,,,,,
,,,,,,,,,,,,,,,
,,,,,,,,,,,,,,,
,,,,,,,,,,,,,,,
,,,,,,,,,,,,,,,
,,,,,,,,,,,,,,,
,,,,,,,,,,,,,,,
,,,,,,,,,,,,,,,
,,,,,,,,,,,,,,,
,,,,,,,,,,,,,,,
,,,,,,,,,,,,,,,
,,,,,,,,,,,,,,,
,,,,,,,,,,,,,,,
,,,,,,,,,,,,,,,
,,,,,,,,,,,,,,,
,,,,,,,,,,,,,,,
,,,,,,,,,,,,,,,
,,,,,,,,,,,,,,,
,,,,,,,,,,,,,,,
,,,,,,,,,,,,,,,
,,,,,,,,,,,,,,,
,,,,,,,,,,,,,,,
,,,,,,,,,,,,,,,
,,,,,,,,,,,,,,,
,,,,,,,,,,,,,,,
,,,,,,,,,,,,,,,
,,,,,,,,,,,,,,,
,,,,,,,,,,,,,,,
,,,,,,,,,,,,,,,
,,,,,,,,,,,,,,,
,,,,,,,,,,,,,,,
,,,,,,,,,,,,,,,
,,,,,,,,,,,,,,,
,,,,,,,,,,,,,,,
,,,,,,,,,,,,,,,
,,,,,,,,,,,,,,,
,,,,,,,,,,,,,,,
,,,,,,,,,,,,,,,
,,,,,,,,,,,,,,,
,,,,,,,,,,,,,,,
,,,,,,,,,,,,,,,
,,,,,,,,,,,,,,,
,,,,,,,,,,,,,,,
,,,,,,,,,,,,,,,
,,,,,,,,,,,,,,,
,,,,,,,,,,,,,,,
,,,,,,,,,,,,,,,
,,,,,,,,,,,,,,,
,,,,,,,,,,,,,,,
,,,,,,,,,,,,,,,
,,,,,,,,,,,,,,,
,,,,,,,,,,,,,,,
,,,,,,,,,,,,,,,
,,,,,,,,,,,,,,,
,,,,,,,,,,,,,,,
,,,,,,,,,,,,,,,
,,,,,,,,,,,,,,,
,,,,,,,,,,,,,,,
,,,,,,,,,,,,,,,
,,,,,,,,,,,,,,,
,,,,,,,,,,,,,,,
,,,,,,,,,,,,,,,
,,,,,,,,,,,,,,,
,,,,,,,,,,,,,,,
,,,,,,,,,,,,,,,
,,,,,,,,,,,,,,,
,,,,,,,,,,,,,,,
,,,,,,,,,,,,,,,
,,,,,,,,,,,,,,,
,,,,,,,,,,,,,,,
,,,,,,,,,,,,,,,
,,,,,,,,,,,,,,,
,,,,,,,,,,,,,,,
,,,,,,,,,,,,,,,
,,,,,,,,,,,,,,,
,,,,,,,,,,,,,,,
,,,,,,,,,,,,,,,
,,,,,,,,,,,,,,,
,,,,,,,,,,,,,,,
,,,,,,,,,,,,,,,
,,,,,,,,,,,,,,,
,,,,,,,,,,,,,,,
,,,,,,,,,,,,,,,
,,,,,,,,,,,,,,,
,,,,,,,,,,,,,,,
,,,,,,,,,,,,,,,
,,,,,,,,,,,,,,,
,,,,,,,,,,,,,,,
,,,,,,,,,,,,,,,
,,,,,,,,,,,,,,,
,,,,,,,,,,,,,,,
,,,,,,,,,,,,,,,
,,,,,,,,,,,,,,,
,,,,,,,,,,,,,,,
,,,,,,,,,,,,,,,
,,,,,,,,,,,,,,,
,,,,,,,,,,,,,,,
,,,,,,,,,,,,,,,
,,,,,,,,,,,,,,,
,,,,,,,,,,,,,,,
,,,,,,,,,,,,,,,
,,,,,,,,,,,,,,,
,,,,,,,,,,,,,,,
,,,,,,,,,,,,,,,
,,,,,,,,,,,,,,,
,,,,,,,,,,,,,,,
,,,,,,,,,,,,,,,
,,,,,,,,,,,,,,,
,,,,,,,,,,,,,,,
,,,,,,,,,,,,,,,
,,,,,,,,,,,,,,,
,,,,,,,,,,,,,,,
,,,,,,,,,,,,,,,
,,,,,,,,,,,,,,,
,,,,,,,,,,,,,,,
,,,,,,,,,,,,,,,
,,,,,,,,,,,,,,,
,,,,,,,,,,,,,,,
,,,,,,,,,,,,,,,
,,,,,,,,,,,,,,,
,,,,,,,,,,,,,,,
,,,,,,,,,,,,,,,
,,,,,,,,,,,,,,,
,,,,,,,,,,,,,,,
,,,,,,,,,,,,,,,
,,,,,,,,,,,,,,,
,,,,,,,,,,,,,,,
,,,,,,,,,,,,,,,
,,,,,,,,,,,,,,,
,,,,,,,,,,,,,,,
,,,,,,,,,,,,,,,
,,,,,,,,,,,,,,,
,,,,,,,,,,,,,,,
,,,,,,,,,,,,,,,
,,,,,,,,,,,,,,,
,,,,,,,,,,,,,,,
,,,,,,,,,,,,,,,
,,,,,,,,,,,,,,,
,,,,,,,,,,,,,,,
,,,,,,,,,,,,,,,
,,,,,,,,,,,,,,,
,,,,,,,,,,,,,,,
,,,,,,,,,,,,,,,
,,,,,,,,,,,,,,,
,,,,,,,,,,,,,,,
,,,,,,,,,,,,,,,
,,,,,,,,,,,,,,,
,,,,,,,,,,,,,,,
,,,,,,,,,,,,,,,
,,,,,,,,,,,,,,,
,,,,,,,,,,,,,,,
,,,,,,,,,,,,,,,
,,,,,,,,,,,,,,,
,,,,,,,,,,,,,,,
,,,,,,,,,,,,,,,
,,,,,,,,,,,,,,,
,,,,,,,,,,,,,,,
,,,,,,,,,,,,,,,
,,,,,,,,,,,,,,,
,,,,,,,,,,,,,,,
,,,,,,,,,,,,,,,
,,,,,,,,,,,,,,,
,,,,,,,,,,,,,,,
,,,,,,,,,,,,,,,
,,,,,,,,,,,,,,,
,,,,,,,,,,,,,,,
,,,,,,,,,,,,,,,
,,,,,,,,,,,,,,,
,,,,,,,,,,,,,,,
,,,,,,,,,,,,,,,
,,,,,,,,,,,,,,,
,,,,,,,,,,,,,,,
,,,,,,,,,,,,,,,
,,,,,,,,,,,,,,,
,,,,,,,,,,,,,,,
,,,,,,,,,,,,,,,
,,,,,,,,,,,,,,,
,,,,,,,,,,,,,,,
,,,,,,,,,,,,,,,
,,,,,,,,,,,,,,,
,,,,,,,,,,,,,,,
,,,,,,,,,,,,,,,
,,,,,,,,,,,,,,,
,,,,,,,,,,,,,,,
,,,,,,,,,,,,,,,
,,,,,,,,,,,,,,,
,,,,,,,,,,,,,,,
,,,,,,,,,,,,,,,
,,,,,,,,,,,,,,,
,,,,,,,,,,,,,,,
,,,,,,,,,,,,,,,
,,,,,,,,,,,,,,,
,,,,,,,,,,,,,,,
,,,,,,,,,,,,,,,
,,,,,,,,,,,,,,,
,,,,,,,,,,,,,,,
,,,,,,,,,,,,,,,
,,,,,,,,,,,,,,,
,,,,,,,,,,,,,,,
,,,,,,,,,,,,,,,
,,,,,,,,,,,,,,,
,,,,,,,,,,,,,,,
,,,,,,,,,,,,,,,
,,,,,,,,,,,,,,,
,,,,,,,,,,,,,,,
,,,,,,,,,,,,,,,
,,,,,,,,,,,,,,,
,,,,,,,,,,,,,,,
,,,,,,,,,,,,,,,
,,,,,,,,,,,,,,,
,,,,,,,,,,,,,,,
,,,,,,,,,,,,,,,
,,,,,,,,,,,,,,,
,,,,,,,,,,,,,,,
,,,,,,,,,,,,,,,
,,,,,,,,,,,,,,,
,,,,,,,,,,,,,,,
,,,,,,,,,,,,,,,
,,,,,,,,,,,,,,,
,,,,,,,,,,,,,,,
,,,,,,,,,,,,,,,
,,,,,,,,,,,,,,,
,,,,,,,,,,,,,,,
,,,,,,,,,,,,,,,
,,,,,,,,,,,,,,,
,,,,,,,,,,,,,,,
,,,,,,,,,,,,,,,
,,,,,,,,,,,,,,,
,,,,,,,,,,,,,,,
,,,,,,,,,,,,,,,
,,,,,,,,,,,,,,,
,,,,,,,,,,,,,,,
,,,,,,,,,,,,,,,
,,,,,,,,,,,,,,,
,,,,,,,,,,,,,,,
,,,,,,,,,,,,,,,
,,,,,,,,,,,,,,,
,,,,,,,,,,,,,,,
,,,,,,,,,,,,,,,
,,,,,,,,,,,,,,,
,,,,,,,,,,,,,,,
,,,,,,,,,,,,,,,
,,,,,,,,,,,,,,,
,,,,,,,,,,,,,,,
,,,,,,,,,,,,,,,
,,,,,,,,,,,,,,,
,,,,,,,,,,,,,,,
,,,,,,,,,,,,,,,
,,,,,,,,,,,,,,,
,,,,,,,,,,,,,,,
,,,,,,,,,,,,,,,
,,,,,,,,,,,,,,,
,,,,,,,,,,,,,,,
,,,,,,,,,,,,,,,
,,,,,,,,,,,,,,,
,,,,,,,,,,,,,,,
,,,,,,,,,,,,,,,
,,,,,,,,,,,,,,,
,,,,,,,,,,,,,,,
,,,,,,,,,,,,,,,
,,,,,,,,,,,,,,,
,,,,,,,,,,,,,,,
,,,,,,,,,,,,,,,
,,,,,,,,,,,,,,,
,,,,,,,,,,,,,,,
,,,,,,,,,,,,,,,
,,,,,,,,,,,,,,,
,,,,,,,,,,,,,,,
,,,,,,,,,,,,,,,
,,,,,,,,,,,,,,,
,,,,,,,,,,,,,,,
,,,,,,,,,,,,,,,
,,,,,,,,,,,,,,,
,,,,,,,,,,,,,,,
,,,,,,,,,,,,,,,
,,,,,,,,,,,,,,,
,,,,,,,,,,,,,,,
,,,,,,,,,,,,,,,
,,,,,,,,,,,,,,,
,,,,,,,,,,,,,,,
,,,,,,,,,,,,,,,
,,,,,,,,,,,,,,,
,,,,,,,,,,,,,,,
,,,,,,,,,,,,,,,
,,,,,,,,,,,,,,,
,,,,,,,,,,,,,,,
,,,,,,,,,,,,,,,
,,,,,,,,,,,,,,,
,,,,,,,,,,,,,,,
,,,,,,,,,,,,,,,
,,,,,,,,,,,,,,,
,,,,,,,,,,,,,,,
,,,,,,,,,,,,,,,
,,,,,,,,,,,,,,,
,,,,,,,,,,,,,,,
,,,,,,,,,,,,,,,
,,,,,,,,,,,,,,,
,,,,,,,,,,,,,,,
,,,,,,,,,,,,,,,
,,,,,,,,,,,,,,,
,,,,,,,,,,,,,,,
,,,,,,,,,,,,,,,
,,,,,,,,,,,,,,,
,,,,,,,,,,,,,,,
,,,,,,,,,,,,,,,
,,,,,,,,,,,,,,,
,,,,,,,,,,,,,,,
,,,,,,,,,,,,,,,
,,,,,,,,,,,,,,,
,,,,,,,,,,,,,,,
,,,,,,,,,,,,,,,
,,,,,,,,,,,,,,,
,,,,,,,,,,,,,,,
,,,,,,,,,,,,,,,
,,,,,,,,,,,,,,,
,,,,,,,,,,,,,,,
,,,,,,,,,,,,,,,
,,,,,,,,,,,,,,,
,,,,,,,,,,,,,,,
,,,,,,,,,,,,,,,
,,,,,,,,,,,,,,,
,,,,,,,,,,,,,,,
,,,,,,,,,,,,,,,
,,,,,,,,,,,,,,,
,,,,,,,,,,,,,,,
,,,,,,,,,,,,,,,
,,,,,,,,,,,,,,,
,,,,,,,,,,,,,,,
,,,,,,,,,,,,,,,
,,,,,,,,,,,,,,,
,,,,,,,,,,,,,,,
,,,,,,,,,,,,,,,
,,,,,,,,,,,,,,,
,,,,,,,,,,,,,,,
,,,,,,,,,,,,,,,
,,,,,,,,,,,,,,,
,,,,,,,,,,,,,,,
,,,,,,,,,,,,,,,
,,,,,,,,,,,,,,,
,,,,,,,,,,,,,,,
,,,,,,,,,,,,,,,
,,,,,,,,,,,,,,,
,,,,,,,,,,,,,,,
,,,,,,,,,,,,,,,
,,,,,,,,,,,,,,,
,,,,,,,,,,,,,,,
,,,,,,,,,,,,,,,
,,,,,,,,,,,,,,,
,,,,,,,,,,,,,,,
,,,,,,,,,,,,,,,
,,,,,,,,,,,,,,,
,,,,,,,,,,,,,,,
,,,,,,,,,,,,,,,
,,,,,,,,,,,,,,,
,,,,,,,,,,,,,,,
,,,,,,,,,,,,,,,
,,,,,,,,,,,,,,,
,,,,,,,,,,,,,,,
,,,,,,,,,,,,,,,
,,,,,,,,,,,,,,,
,,,,,,,,,,,,,,,
,,,,,,,,,,,,,,,
,,,,,,,,,,,,,,,
,,,,,,,,,,,,,,,
,,,,,,,,,,,,,,,
,,,,,,,,,,,,,,,
,,,,,,,,,,,,,,,
,,,,,,,,,,,,,,,
,,,,,,,,,,,,,,,
,,,,,,,,,,,,,,,
,,,,,,,,,,,,,,,
,,,,,,,,,,,,,,,
,,,,,,,,,,,,,,,
,,,,,,,,,,,,,,,
,,,,,,,,,,,,,,,
,,,,,,,,,,,,,,,
,,,,,,,,,,,,,,,
,,,,,,,,,,,,,,,
,,,,,,,,,,,,,,,
,,,,,,,,,,,,,,,
,,,,,,,,,,,,,,,
,,,,,,,,,,,,,,,
,,,,,,,,,,,,,,,
,,,,,,,,,,,,,,,
,,,,,,,,,,,,,,,
,,,,,,,,,,,,,,,
,,,,,,,,,,,,,,,
,,,,,,,,,,,,,,,
,,,,,,,,,,,,,,,
,,,,,,,,,,,,,,,
,,,,,,,,,,,,,,,
,,,,,,,,,,,,,,,
,,,,,,,,,,,,,,,
,,,,,,,,,,,,,,,
,,,,,,,,,,,,,,,
,,,,,,,,,,,,,,,
,,,,,,,,,,,,,,,
,,,,,,,,,,,,,,,
,,,,,,,,,,,,,,,
,,,,,,,,,,,,,,,
,,,,,,,,,,,,,,,
,,,,,,,,,,,,,,,
,,,,,,,,,,,,,,,
,,,,,,,,,,,,,,,
,,,,,,,,,,,,,,,
,,,,,,,,,,,,,,,
,,,,,,,,,,,,,,,
,,,,,,,,,,,,,,,
,,,,,,,,,,,,,,,
,,,,,,,,,,,,,,,
,,,,,,,,,,,,,,,
,,,,,,,,,,,,,,,
,,,,,,,,,,,,,,,
,,,,,,,,,,,,,,,
,,,,,,,,,,,,,,,
,,,,,,,,,,,,,,,
,,,,,,,,,,,,,,,
,,,,,,,,,,,,,,,
,,,,,,,,,,,,,,,
,,,,,,,,,,,,,,,
,,,,,,,,,,,,,,,
,,,,,,,,,,,,,,,
,,,,,,,,,,,,,,,
,,,,,,,,,,,,,,,
,,,,,,,,,,,,,,,
,,,,,,,,,,,,,,,
,,,,,,,,,,,,,,,
,,,,,,,,,,,,,,,
,,,,,,,,,,,,,,,
,,,,,,,,,,,,,,,
,,,,,,,,,,,,,,,
,,,,,,,,,,,,,,,
,,,,,,,,,,,,,,,
,,,,,,,,,,,,,,,
,,,,,,,,,,,,,,,
,,,,,,,,,,,,,,,
,,,,,,,,,,,,,,,
,,,,,,,,,,,,,,,
,,,,,,,,,,,,,,,
,,,,,,,,,,,,,,,
,,,,,,,,,,,,,,,
,,,,,,,,,,,,,,,
,,,,,,,,,,,,,,,
,,,,,,,,,,,,,,,
,,,,,,,,,,,,,,,
,,,,,,,,,,,,,,,
,,,,,,,,,,,,,,,
,,,,,,,,,,,,,,,
,,,,,,,,,,,,,,,
,,,,,,,,,,,,,,,
,,,,,,,,,,,,,,,
,,,,,,,,,,,,,,,
,,,,,,,,,,,,,,,
,,,,,,,,,,,,,,,
,,,,,,,,,,,,,,,
,,,,,,,,,,,,,,,
,,,,,,,,,,,,,,,
,,,,,,,,,,,,,,,
,,,,,,,,,,,,,,,
,,,,,,,,,,,,,,,
,,,,,,,,,,,,,,,
,,,,,,,,,,,,,,,
,,,,,,,,,,,,,,,
,,,,,,,,,,,,,,,
,,,,,,,,,,,,,,,
,,,,,,,,,,,,,,,
,,,,,,,,,,,,,,,
,,,,,,,,,,,,,,,
,,,,,,,,,,,,,,,
,,,,,,,,,,,,,,,
,,,,,,,,,,,,,,,
,,,,,,,,,,,,,,,
,,,,,,,,,,,,,,,
,,,,,,,,,,,,,,,
,,,,,,,,,,,,,,,
,,,,,,,,,,,,,,,
,,,,,,,,,,,,,,,
,,,,,,,,,,,,,,,
,,,,,,,,,,,,,,,
,,,,,,,,,,,,,,,
,,,,,,,,,,,,,,,
,,,,,,,,,,,,,,,
,,,,,,,,,,,,,,,
,,,,,,,,,,,,,,,
,,,,,,,,,,,,,,,
,,,,,,,,,,,,,,,
,,,,,,,,,,,,,,,